{"train/loss": 1.4038844108581543, "_timestamp": 1696097614.8540611, "train/train_acc": 100.0, "test/test_accuracy": 78.5, "_runtime": 55.96903610229492, "_step": 91, "test/best_test_acc": 80.0, "_wandb": {"runtime": 55}}