{"train/loss": 0.3112335503101349, "_timestamp": 1696095991.249303, "train/train_acc": 100.0, "test/test_accuracy": 79.2, "_runtime": 76.61528420448303, "_step": 131}