{"train/loss": 1.356384038925171, "_timestamp": 1696096153.199106, "train/train_acc": 100.0, "test/test_accuracy": 76.4, "_runtime": 56.65521192550659, "_step": 97}